{"Weighted Precision":0.7982774679,"False Negative Rate":0.0611111111,"True Positive Rate":0.9388888889,"Weighted F1-Score":0.7007282504,"Accuracy":0.7001023541,"Balanced Accuracy":0.7498334234,"ROC-AUC":0.8763911399,"PR-AUC":0.806982238}