{"weighted_precision":0.8016439745,"weighted_recall":0.7441146366,"weighted_f1":0.7479091168,"accuracy":0.7441146366,"balanced_accuracy":0.7765802269,"roc_auc":0.5,"pr_auc":0.3684749232,"false_negative_rate":0.1,"true_positive_rate":0.9}